""	"baseMean"	"log2FoldChange"	"lfcSE"	"stat"	"pvalue"	"padj"	"Kingdom"	"Phylum"	"Class"	"Order"	"Family"
"vOTU_1003"	0	NA	NA	NA	NA	NA	"Heunggongvirae"	"Uroviricota"	"Caudoviricetes"	"VOC3"	"Nadiaviridae"
"vOTU_100880"	486.725536642579	-11.8161045013866	1.90262871175989	-6.21041006495532	0.000000000528465146312917	0.00000000369925602419042	"Heunggongvirae"	"Uroviricota"	"Caudoviricetes"	"Crassvirales"	"Hansviridae"
"vOTU_102433"	952.513781434366	-5.42464697109619	1.02038105620633	-5.3162952586208	0.000000105901258448143	0.000000511247454577242	"Heunggongvirae"	"Uroviricota"	"Caudoviricetes"	"VOC5"	"Hannahviridae"
"vOTU_10266"	0	NA	NA	NA	NA	NA	"Heunggongvirae"	"Uroviricota"	"Caudoviricetes"	"VOC6"	"Mikkelineviridae"
"vOTU_102756"	0	NA	NA	NA	NA	NA	"Heunggongvirae"	"Uroviricota"	"Caudoviricetes"	"VOC1"	"Alvaviridae"
"vOTU_103001"	187.324978472875	-2.85026130851742	1.55524844572715	-1.83267266162404	0.06685126521915	0.09919350643098	"Heunggongvirae"	"Uroviricota"	"Caudoviricetes"	"VOC2"	"Inaviridae"
"vOTU_103320"	121.118727833772	0.167974349059424	1.55814487323287	0.10780406363043	0.914151119368325	0.92072774612637	"Heunggongvirae"	"Uroviricota"	"Caudoviricetes"	"VOC3"	"Karlaviridae"
"vOTU_104482"	1.75711936777066	-3.67886300402808	4.10417806848462	-0.896370221428141	0.37005506613264	NA	"Heunggongvirae"	"Uroviricota"	"Caudoviricetes"	"VOC2"	"Juliusviridae"
"vOTU_104799"	0	NA	NA	NA	NA	NA	"Heunggongvirae"	"Uroviricota"	"Caudoviricetes"	"VOC2"	"Bastianviridae"
"vOTU_105684"	0	NA	NA	NA	NA	NA	"Heunggongvirae"	"Uroviricota"	"Caudoviricetes"	"VOC1"	"Mathildeviridae"
"vOTU_107524"	0	NA	NA	NA	NA	NA	"Heunggongvirae"	"Uroviricota"	"Caudoviricetes"	"VOC7"	"Oliverviridae"
"vOTU_108093"	19.5752326429845	-5.63129929586198	3.02037536169235	-1.86443690651307	0.0622603741184561	0.0937252943718694	"Heunggongvirae"	"Uroviricota"	"Caudoviricetes"	"VOC1"	"Agneteviridae"
"vOTU_10905"	2464.23304412607	-5.84503751074512	1.29042065556233	-4.52955978777171	0.00000591067072251421	0.0000202658473902379	"Heunggongvirae"	"Uroviricota"	"Caudoviricetes"	"VOC1"	"Irisviridae"
"vOTU_10953"	1585.91493800669	4.24542852120198	1.04407608857457	4.06620606262335	0.0000477846879542619	0.000142337368374397	"Sangervirae"	"Phixviricota"	"Malgrandaviricetes"	"Petitvirales"	"Inesviridae"
"vOTU_111247"	0	NA	NA	NA	NA	NA	"Heunggongvirae"	"Uroviricota"	"Caudoviricetes"	"VOC2"	"Silkeviridae"
"vOTU_1113"	341.032180150494	8.75566660735978	1.35148762317953	6.47853998600523	9.26143895585563e-11	0.000000000762706737541052	"Heunggongvirae"	"Uroviricota"	"Caudoviricetes"	"VOC1"	"Asgerviridae"
"vOTU_111433"	0	NA	NA	NA	NA	NA	"Heunggongvirae"	"Uroviricota"	"Caudoviricetes"	"VOC2"	"Mateoviridae"
"vOTU_113350"	0	NA	NA	NA	NA	NA	"Orthornavirae"	"Pisuviricota"	"Duplopiviricetes"	"Durnavirales"	"Partitiviridae"
"vOTU_114001"	59.7472699279163	-1.75691982716175	1.83156095748084	-0.959247258457752	0.337434198112896	0.410789458572222	"Heunggongvirae"	"Uroviricota"	"Caudoviricetes"	"Crassvirales"	"Annikaviridae"
"vOTU_115059"	0	NA	NA	NA	NA	NA	"Orthornavirae"	"Pisuviricota"	"Pisoniviricetes"	"Picornavirales"	"f.0035"
"vOTU_115920"	1673.31000127586	-0.979749598221405	1.04247637554622	-0.939829065870247	0.347305247116317	0.41557892817337	"Heunggongvirae"	"Uroviricota"	"Caudoviricetes"	"VOC3"	"Bertramviridae"
"vOTU_11616"	24082.7554024935	4.69698364015113	1.02157326693058	4.59779419861258	0.00000426987451741083	0.000015327754677885	"Sangervirae"	"Phixviricota"	"Malgrandaviricetes"	"Petitvirales"	"Almaviridae"
"vOTU_120334"	0.493545295915068	3.23761991814525	4.00353160010647	0.808690986243034	0.418692914201469	NA	"Heunggongvirae"	"Uroviricota"	"Caudoviricetes"	"VOC1"	"Sofieviridae"
"vOTU_120421"	10.6934814114931	7.68382493272865	3.8738323479249	1.98352025658639	0.0473093466893031	0.0735923170722492	"Heunggongvirae"	"Uroviricota"	"Caudoviricetes"	"Crassvirales"	"Frederikkeviridae"
"vOTU_12092"	1175.77967707583	6.40357376216445	1.52084763254877	4.21052946075393	0.0000254772895772193	0.0000810641032002433	"Loabvirae"	"Hofneiviricota"	"Faserviricetes"	"Tubulavirales"	"Ellaviridae"
"vOTU_121119"	7.38177980043908	5.53939825809988	3.9068845290674	1.41785563839589	0.15623291627255	0.212355420176282	"Heunggongvirae"	"Uroviricota"	"Caudoviricetes"	"VOC1"	"Mikkelviridae"
"vOTU_122490"	0	NA	NA	NA	NA	NA	"Heunggongvirae"	"Uroviricota"	"Caudoviricetes"	"VOC8"	"Mikasviridae"
"vOTU_122529"	0.586877467231444	-2.10103967443916	4.14782485590007	-0.506540113778077	0.612477536871758	NA	"Heunggongvirae"	"Uroviricota"	"Caudoviricetes"	"VOC7"	"Henrikviridae"
"vOTU_1226"	163.303378110359	-0.565460012782672	1.08215971972748	-0.522529163185887	0.601301946774733	0.647555942680481	"Heunggongvirae"	"Uroviricota"	"Caudoviricetes"	"VOC1"	"Gustavviridae"
"vOTU_12295"	13035.7478477158	5.39431996265332	1.02271047367026	5.27453282383472	0.000000133094696448744	0.000000601072822671746	"Sangervirae"	"Phixviricota"	"Malgrandaviricetes"	"Petitvirales"	"Noraviridae"
"vOTU_1255"	576.583280497474	-12.0604344972133	1.83655985926564	-6.56686164426772	5.13867507509012e-11	0.000000000479609673675078	"Heunggongvirae"	"Uroviricota"	"Caudoviricetes"	"Crassvirales"	"Majviridae"
"vOTU_126747"	590.815437291111	-3.09223284570797	1.17482118778995	-2.63208808101684	0.0084861858908874	0.0174715591871211	"Heunggongvirae"	"Uroviricota"	"Caudoviricetes"	"Crassvirales"	"Frejaviridae"
"vOTU_128116"	12.503147496515	7.90941554580399	3.68113497351759	2.14863502770342	0.0316633427542848	0.0521513880658809	"Heunggongvirae"	"Uroviricota"	"Caudoviricetes"	"VOC2"	"Pernilleviridae"
"vOTU_12870"	191.72666267252	-1.1389050851892	3.81859169445972	-0.298252648179591	0.765510341732262	0.799786924197886	"Loabvirae"	"Hofneiviricota"	"Faserviricetes"	"Tubulavirales"	"Livviridae"
"vOTU_12890"	47238.0144431166	-12.3503674187896	1.66139201805745	-7.43374669226476	1.05564036482866e-13	1.47789651076012e-12	"Loabvirae"	"Hofneiviricota"	"Faserviricetes"	"Tubulavirales"	"Sifviridae"
"vOTU_1309"	68.9538596564392	-1.00643254041454	1.5977400963159	-0.62991004778261	0.528753438572223	0.582877806300088	"Heunggongvirae"	"Uroviricota"	"Caudoviricetes"	"VOC9"	"Lauraviridae"
"vOTU_131093"	0	NA	NA	NA	NA	NA	"Heunggongvirae"	"Uroviricota"	"Caudoviricetes"	"VOC1"	"Lisaviridae"
"vOTU_131340"	0	NA	NA	NA	NA	NA	"Heunggongvirae"	"Uroviricota"	"Caudoviricetes"	"Crassvirales"	"Milleviridae"
"vOTU_1367"	58.329473018275	-0.875215538607585	1.43551512696109	-0.609687437052907	0.542068878175528	0.58829180577189	"Heunggongvirae"	"Uroviricota"	"Caudoviricetes"	"VOC1"	"Amandaviridae"
"vOTU_137428"	79.9370039669238	-3.87656408782683	1.7068867777427	-2.27113135937081	0.0231390271220788	0.0397095169225251	"Heunggongvirae"	"Uroviricota"	"Caudoviricetes"	"VOC4"	"Adrianviridae"
"vOTU_1406"	545.08917516817	0.138360279000903	1.01294289788394	0.136592377803271	0.891353001661305	0.917569266416049	"Heunggongvirae"	"Uroviricota"	"Caudoviricetes"	"VOC2"	"Najaviridae"
"vOTU_14060"	468979.903774966	-0.114544336631098	0.969981502518315	-0.118089196890572	0.905996983190061	0.919127374250787	"Unknown"	"Unknown"	"Unknown"	"Unknown"	"Unknown"
"vOTU_141797"	0	NA	NA	NA	NA	NA	"Heunggongvirae"	"Uroviricota"	"Caudoviricetes"	"VOC2"	"Solviridae"
"vOTU_14312"	14395.3303374693	6.91406037979489	1.13071821705963	6.1147510276915	0.000000000967078277671026	0.00000000643455823362473	"Sangervirae"	"Phixviricota"	"Malgrandaviricetes"	"Petitvirales"	"Gokushoviridae"
"vOTU_143131"	2.08614956504737	-1.08550474573706	3.9630180803805	-0.273908602918318	0.78415486016624	NA	"Heunggongvirae"	"Uroviricota"	"Caudoviricetes"	"VOC2"	"Augustviridae"
"vOTU_14340"	0	NA	NA	NA	NA	NA	"Heunggongvirae"	"Uroviricota"	"Caudoviricetes"	"VOC7"	"Filucaviridae"
"vOTU_145301"	57.0097087382033	10.0986099862447	2.0946545398721	4.82113388819778	0.00000142744506243794	0.00000540114347949492	"Heunggongvirae"	"Uroviricota"	"Caudoviricetes"	"VOC8"	"Pippiviridae"
"vOTU_1454"	18.5498077584919	8.47897253886791	2.74515330281575	3.08870638669646	0.00201030007827238	0.00469070018263555	"Heunggongvirae"	"Uroviricota"	"Caudoviricetes"	"VOC2"	"Arthurviridae"
"vOTU_149"	28.9788969404267	-1.65178055276801	2.22026082310663	-0.743957888000206	0.456901952435139	0.515857043071931	"Heunggongvirae"	"Uroviricota"	"Caudoviricetes"	"VOC3"	"Simoneviridae"
"vOTU_1492"	490.287555407272	4.41738116725548	1.32572834724377	3.33204096935799	0.000862115635658059	0.0021174769998619	"Heunggongvirae"	"Uroviricota"	"Caudoviricetes"	"VOC1"	"Tokeviridae"
"vOTU_153"	71.6966024866283	4.22040579929123	1.47602068038404	2.85931346042736	0.00424559032999409	0.00943464517776465	"Heunggongvirae"	"Uroviricota"	"Caudoviricetes"	"VOC6"	"Gratiaviridae"
"vOTU_16060"	740.352464135849	13.2022010286093	1.56276801745777	8.44795956989571	2.96437994130909e-17	1.38337730594424e-15	"Heunggongvirae"	"Uroviricota"	"Caudoviricetes"	"VOC1"	"Hannibalviridae"
"vOTU_16507"	1333.86562904891	-2.07586763039779	1.32994114990932	-1.5608717953718	0.118554003278511	0.165975604589915	"Heunggongvirae"	"Uroviricota"	"Caudoviricetes"	"VOC1"	"Jeppeviridae"
"vOTU_1690"	7.5461861158465	4.1294189742018	3.72011729883982	1.11002386282003	0.266988743743002	0.334961215575072	"Heunggongvirae"	"Uroviricota"	"Caudoviricetes"	"VOC3"	"Ingridviridae"
"vOTU_17384"	477.05405169037	10.9048758072182	1.53379958269878	7.10971363548728	1.16283974275744e-12	1.47997785441856e-11	"Heunggongvirae"	"Uroviricota"	"Caudoviricetes"	"VOC7"	"Laustviridae"
"vOTU_17650"	28.1472723738388	-6.19376688255161	2.20113869380498	-2.81389214590782	0.00489456471658647	0.0107068603175329	"Heunggongvirae"	"Uroviricota"	"Caudoviricetes"	"Crassvirales"	"Arnviridae"
"vOTU_17971"	258.579687101388	-7.01203872438367	1.4065673995757	-4.98521345404345	0.000000618934444794949	0.00000247573777917979	"Heunggongvirae"	"Uroviricota"	"Caudoviricetes"	"Crassvirales"	"Astridviridae"
"vOTU_18164"	80.7433812381276	-1.5807944824393	1.59953454584664	-0.988284052097526	0.323013553638964	0.396683311486447	"Heunggongvirae"	"Uroviricota"	"Caudoviricetes"	"VOC1"	"Livaviridae"
"vOTU_18345"	11991.1688273935	4.76132404718147	1.09267722386499	4.35748448232484	0.0000131565823288193	0.0000428353843263883	"Loabvirae"	"Hofneiviricota"	"Faserviricetes"	"Tubulavirales"	"Morganviridae"
"vOTU_18957"	166334.567163174	-5.13533071608424	1.42468321161047	-3.60454217066208	0.000312703674126129	0.000826009705238832	"Heunggongvirae"	"Uroviricota"	"Caudoviricetes"	"Crassvirales"	"Rasmusviridae"
"vOTU_19722"	0	NA	NA	NA	NA	NA	"Orthornavirae"	"Pisuviricota"	"Duplopiviricetes"	"Durnavirales"	"Cystoviridae"
"vOTU_1976"	217.743153576562	-3.46836411882498	1.32692703273073	-2.61383183345607	0.00895330929131283	0.0179066185826257	"Heunggongvirae"	"Uroviricota"	"Caudoviricetes"	"VOC1"	"Kristofferviridae"
"vOTU_200"	27514.6859915349	-3.56469111448448	1.51469743979073	-2.35340142581674	0.0186025394195899	0.0333891733172126	"Heunggongvirae"	"Uroviricota"	"Caudoviricetes"	"Crassvirales"	"??-crassviridae"
"vOTU_2043"	1525.43201974512	9.41858134163723	1.20608153379506	7.80924098224164	5.75334038494333e-15	1.34244608982011e-13	"Heunggongvirae"	"Uroviricota"	"Caudoviricetes"	"Crassvirales"	"Benedicteviridae"
"vOTU_20982"	34.9674013673351	-0.574483221094716	2.5118148020945	-0.228712411685638	0.819092447337684	0.849429204646487	"Heunggongvirae"	"Uroviricota"	"Caudoviricetes"	"VOC3"	"Linaviridae"
"vOTU_2105"	260.598580493569	-10.9134547893111	2.06066307783286	-5.29608886902	0.000000118309276727618	0.000000552109958062216	"Heunggongvirae"	"Uroviricota"	"Caudoviricetes"	"VOC1"	"Theaviridae"
"vOTU_2120"	207.75011167335	3.74203656055177	1.25441526264693	2.98309233949827	0.00285351889238481	0.00654905975301432	"Heunggongvirae"	"Uroviricota"	"Caudoviricetes"	"VOC1"	"Valdemarviridae"
"vOTU_2215"	9.08277504240277	-6.0674273805245	3.31626023239244	-1.82959929418666	0.0673098793638793	0.09919350643098	"Heunggongvirae"	"Uroviricota"	"Caudoviricetes"	"VOC1"	"Smillaviridae"
"vOTU_2279"	5.52305725961827	-1.57359037237062	3.84126666887445	-0.409654030302381	0.682059756221921	0.723396711144461	"Heunggongvirae"	"Uroviricota"	"Caudoviricetes"	"VOC1"	"Zakariasviridae"
"vOTU_23108"	95.1585662126208	10.8377914991351	1.93917457830626	5.58886838780713	0.0000000228554088521897	0.000000127990289572262	"Heunggongvirae"	"Uroviricota"	"Caudoviricetes"	"VOC8"	"Ibiviridae"
"vOTU_24149"	25.8120502503949	8.32948446779848	2.42118154257447	3.44025605735521	0.000581164072877007	0.00145291018219252	"Heunggongvirae"	"Uroviricota"	"Caudoviricetes"	"VOC11"	"Kayaviridae"
"vOTU_24540"	19.5772967379643	8.55639407858549	3.2283903382699	2.65035921374083	0.00804062307452246	0.0168013019467633	"Heunggongvirae"	"Uroviricota"	"Caudoviricetes"	"VOC4"	"Kaisaviridae"
"vOTU_249"	1572.56205879656	9.39583554028454	1.15544344744192	8.13180044517653	4.22960697978251e-16	1.48036244292388e-14	"Heunggongvirae"	"Uroviricota"	"Caudoviricetes"	"VOC10"	"Flandersviridae"
"vOTU_2511"	0.558727652043503	1.27367034561548	4.02257178100992	0.316630855819237	0.751523719971812	NA	"Heunggongvirae"	"Uroviricota"	"Caudoviricetes"	"VOC1"	"Oskarviridae"
"vOTU_25322"	36.6892182424407	-4.14640455554159	2.22114532319345	-1.86678670334821	0.0619313800686352	0.0937252943718694	"Heunggongvirae"	"Uroviricota"	"Caudoviricetes"	"VOC9"	"Edithviridae"
"vOTU_265"	1886.21241037649	-8.98232535924481	1.50434795084982	-5.9709094256888	0.00000000235934705972845	0.0000000143612429722601	"Heunggongvirae"	"Uroviricota"	"Caudoviricetes"	"VOC1"	"Karolineviridae"
"vOTU_26595"	2.41346102560293	3.72211678065841	3.92115776109247	0.949239231736852	0.342498952436842	0.413360804665154	"Heunggongvirae"	"Uroviricota"	"Caudoviricetes"	"VOC2"	"Albaviridae"
"vOTU_2715"	170.766494587065	-10.3034901383536	1.97143770947538	-5.22638381564461	0.000000172857351814208	0.00000075625091418716	"Heunggongvirae"	"Uroviricota"	"Caudoviricetes"	"Crassvirales"	"Vincentviridae"
"vOTU_27318"	125.799410262895	5.08015777661125	1.23839578504888	4.10220854911155	0.0000409225163617947	0.000124546788927201	"Heunggongvirae"	"Uroviricota"	"Caudoviricetes"	"VOC1"	"Gabrielviridae"
"vOTU_27693"	120.750775150161	-3.59447183447402	1.49721652089933	-2.40076955089632	0.0163606362006403	0.0297466112738915	"Heunggongvirae"	"Uroviricota"	"Caudoviricetes"	"VOC1"	"Alexanderviridae"
"vOTU_28294"	9.21284552374793	7.46875293569137	3.92873987052936	1.90105560098715	0.0572947302461839	0.0881457388402829	"Heunggongvirae"	"Uroviricota"	"Caudoviricetes"	"VOC2"	"Melanieviridae"
"vOTU_284"	329.65338069969	-3.57469599964541	1.2371288754345	-2.8895097920901	0.0038584298987159	0.00871258364226172	"Heunggongvirae"	"Uroviricota"	"Caudoviricetes"	"VOC1"	"Viggaviridae"
"vOTU_32523"	3333.45395720227	-1.73448071319046	1.2768327028515	-1.35842441168441	0.174329052525115	0.234673724553039	"Unclassified_Viruses"	"Unclassified_Viruses"	"Unclassified_Viruses"	"Unclassified_Viruses"	"Unclassified_Viruses"
"vOTU_33477"	42.1663776205958	0.00790856319670607	2.30986354367759	0.00342382268353162	0.997268190079186	0.997268190079186	"Heunggongvirae"	"Uroviricota"	"Caudoviricetes"	"VOC2"	"Karlviridae"
"vOTU_33865"	100.204609235432	10.3060448200582	1.86306093297983	5.53178086536035	0.0000000316995774190514	0.000000170690032256431	"Heunggongvirae"	"Uroviricota"	"Caudoviricetes"	"VOC8"	"Siljaviridae"
"vOTU_36077"	181.110758140206	10.425768733332	1.91585552059434	5.44183453358618	0.0000000527346479601317	0.000000263673239800659	"Heunggongvirae"	"Uroviricota"	"Caudoviricetes"	"VOC1"	"Umaviridae"
"vOTU_36268"	62.4875058846267	3.27633717659729	1.57106984707092	2.08541789705	0.0370313836834534	0.0590022504403319	"Heunggongvirae"	"Uroviricota"	"Caudoviricetes"	"VOC2"	"Martinviridae"
"vOTU_36517"	45.535184808841	-6.82932557886932	2.99321802197119	-2.28159977948143	0.0225129797547051	0.0393977145707338	"Heunggongvirae"	"Uroviricota"	"Caudoviricetes"	"VOC5"	"Katrineviridae"
"vOTU_36583"	24.5753737602058	8.88493178905092	2.51815753955322	3.52834628076023	0.000418164739550639	0.00106441933703799	"Heunggongvirae"	"Uroviricota"	"Caudoviricetes"	"VOC2"	"Maisaviridae"
"vOTU_3687"	17988.4882443164	-1.08238244749077	1.25631003431446	-0.861556795637158	0.388931454497251	0.450003335781943	"Heunggongvirae"	"Uroviricota"	"Caudoviricetes"	"VOC2"	"Selmaviridae"
"vOTU_37298"	15.5101633097363	-4.22991353300148	2.94603481936934	-1.43579889320757	0.151059574862382	0.20733667137974	"Loabvirae"	"Hofneiviricota"	"Faserviricetes"	"Tubulavirales"	"Magneviridae"
"vOTU_374"	442.957672885889	-6.76863981356386	1.36524404753294	-4.95782407972782	0.000000712870668660017	0.00000277227482256673	"Heunggongvirae"	"Uroviricota"	"Caudoviricetes"	"Crassvirales"	"Rigmorviridae"
"vOTU_38119"	0	NA	NA	NA	NA	NA	"Loabvirae"	"Hofneiviricota"	"Faserviricetes"	"Tubulavirales"	"Adamviridae"
"vOTU_39550"	0	NA	NA	NA	NA	NA	"Heunggongvirae"	"Uroviricota"	"Caudoviricetes"	"VOC3"	"Hjalteviridae"
"vOTU_3970"	10108.466133219	10.0557332152654	1.13941112106946	8.82537745096523	1.09091245106478e-18	7.63638715745346e-17	"Heunggongvirae"	"Uroviricota"	"Caudoviricetes"	"VOC2"	"Cecilieviridae"
"vOTU_4177"	177.663824486079	-0.140747114612426	1.19004053793871	-0.118270857273666	0.90585304783098	0.919127374250787	"Heunggongvirae"	"Uroviricota"	"Caudoviricetes"	"Crassvirales"	"Viggoviridae"
"vOTU_43426"	199.470481546855	-4.2498465779411	1.54478091920233	-2.75109986478573	0.00593955331670243	0.0127928840667437	"Orthornavirae"	"Pisuviricota"	"Stelpaviricetes"	"Stellavirales"	"Astroviridae"
"vOTU_44118"	0	NA	NA	NA	NA	NA	"Heunggongvirae"	"Uroviricota"	"Caudoviricetes"	"VOC2"	"Wilmaviridae"
"vOTU_445"	1418.56030368851	9.38553161394678	1.0632355593954	8.82733043586674	1.07203723963172e-18	7.63638715745346e-17	"Heunggongvirae"	"Uroviricota"	"Caudoviricetes"	"VOC3"	"Johanneviridae"
"vOTU_4505"	3039.13055981328	-6.0250850898657	1.17143484979424	-5.1433377544846	0.000000269899750461661	0.0000011450292443828	"Heunggongvirae"	"Uroviricota"	"Caudoviricetes"	"Crassvirales"	"Bertilviridae"
"vOTU_46153"	1392.29152838006	-7.34037293580049	1.3442023770518	-5.46076473387876	0.0000000474087962895069	0.000000245823388167814	"Heunggongvirae"	"Uroviricota"	"Caudoviricetes"	"Crassvirales"	"Thorviridae"
"vOTU_469"	3564.05454571644	-4.42011752552026	1.66032207398389	-2.66220487866811	0.00776306112509809	0.0164670993562687	"Heunggongvirae"	"Uroviricota"	"Caudoviricetes"	"VOC4"	"Lunaviridae"
"vOTU_47279"	100.814723725841	-22.9880307062116	3.2919074544805	-6.98319470522278	2.88542074799897e-12	3.34407942811465e-11	"Heunggongvirae"	"Uroviricota"	"Caudoviricetes"	"VOC3"	"Liliviridae"
"vOTU_47494"	936.168340710073	-7.00961881982491	1.19484314370207	-5.86655985496684	0.00000000444929697720627	0.0000000259542323670366	"Heunggongvirae"	"Uroviricota"	"Caudoviricetes"	"Crassvirales"	"Sylvesterviridae"
"vOTU_47538"	1237.58195601858	-5.01749840143367	1.07550019960036	-4.66526961436	0.00000308212646501159	0.0000113552027658322	"Heunggongvirae"	"Uroviricota"	"Caudoviricetes"	"VOC3"	"Ebbeviridae"
"vOTU_47702"	485.165079062279	-8.68483312410783	1.42196195782094	-6.10764097895891	0.00000000101114486528389	0.00000000643455823362473	"Heunggongvirae"	"Uroviricota"	"Caudoviricetes"	"Crassvirales"	"Andyviridae"
"vOTU_48547"	1.97418118366027	5.24449797409832	3.9443135427338	1.32963516142364	0.183638507273357	NA	"Heunggongvirae"	"Uroviricota"	"Caudoviricetes"	"VOC1"	"Jacobviridae"
"vOTU_490"	467.56466998079	-5.97006684853055	1.51993915713786	-3.92783278231515	0.0000857147717856086	0.000244899347958882	"Heunggongvirae"	"Uroviricota"	"Caudoviricetes"	"VOC4"	"Astaviridae"
"vOTU_49446"	27.9575853459817	9.07069096289859	2.43412553289792	3.72646802324102	0.000194181693996038	0.000522796868450871	"Heunggongvirae"	"Uroviricota"	"Caudoviricetes"	"VOC12"	"Corneliaviridae"
"vOTU_4972"	825.270331231118	8.6652697108616	1.33565205598901	6.48766995266983	8.71739818303048e-11	0.000000000762706737541052	"Heunggongvirae"	"Uroviricota"	"Caudoviricetes"	"VOC4"	"Akselviridae"
"vOTU_505"	2853.28290398496	-4.50912597268097	1.12737258195384	-3.99967681036402	0.0000634290446878242	0.000185001380339487	"Heunggongvirae"	"Uroviricota"	"Caudoviricetes"	"VOC8"	"Lyngeviridae"
"vOTU_50737"	770.592969090813	-6.80723124637524	1.09269169812153	-6.22978215911927	0.000000000467084197685000	0.00000000344167303557368	"Heunggongvirae"	"Uroviricota"	"Caudoviricetes"	"Crassvirales"	"Soniaviridae"
"vOTU_51383"	0	NA	NA	NA	NA	NA	"Orthornavirae"	"Pisuviricota"	"Duplopiviricetes"	"Durnavirales"	"f.0117.base-Cysto"
"vOTU_521"	141511.417467706	-9.47855299831706	1.25255870342451	-7.56735231043668	3.80907837799499e-14	7.07200455586493e-13	"Heunggongvirae"	"Uroviricota"	"Caudoviricetes"	"Crassvirales"	"Nikolajviridae"
"vOTU_5262"	782.731188536252	11.1331684526983	1.39846535992387	7.96098979048312	1.70668470798247e-15	4.77871718235091e-14	"Heunggongvirae"	"Uroviricota"	"Caudoviricetes"	"VOC7"	"??-crassviridae"
"vOTU_5323"	1104.96210742026	9.00403885492557	1.30514492449937	6.89888048898429	5.24139415614288e-12	5.24139415614288e-11	"Heunggongvirae"	"Uroviricota"	"Caudoviricetes"	"VOC2"	"Salasmaviridae"
"vOTU_55663"	70.8491658323616	-9.03714475742924	1.99554240737253	-4.52866585247275	0.0000059357280552175	0.0000202658473902379	"Heunggongvirae"	"Uroviricota"	"Caudoviricetes"	"VOC2"	"Ronjaviridae"
"vOTU_579"	19.2664927383651	-2.89758680685755	2.24657782262281	-1.28977806941702	0.197127724425786	0.255535939070463	"Heunggongvirae"	"Uroviricota"	"Caudoviricetes"	"VOC1"	"Lukasviridae"
"vOTU_58339"	12.0096022006	7.85130463000518	3.72890874245279	2.10552340437293	0.035245772226359	0.0573768385080263	"Heunggongvirae"	"Uroviricota"	"Caudoviricetes"	"VOC8"	"Bellaviridae"
"vOTU_5878"	43.9999713156071	2.2682044408265	1.75684699075518	1.29106544437971	0.196680985194397	0.255535939070463	"Heunggongvirae"	"Uroviricota"	"Caudoviricetes"	"VOC1"	"Dinaviridae"
"vOTU_607"	985.599845895295	1.21782712875768	1.40006686820415	0.869834974610731	0.384390595218425	0.448455694421496	"Heunggongvirae"	"Uroviricota"	"Caudoviricetes"	"VOC1"	"Madsviridae"
"vOTU_6476"	1845.62522408017	7.20697628437961	1.14182664051316	6.31179552890854	0.000000000275816489698162	0.00000000214523936431904	"Heunggongvirae"	"Uroviricota"	"Caudoviricetes"	"VOC7"	"Vibeviridae"
"vOTU_6559"	9.46552424475304	-6.13662196509346	3.62564502175651	-1.69256006262865	0.0905392383786708	0.129341769112387	"Heunggongvirae"	"Uroviricota"	"Caudoviricetes"	"VOC1"	"Monaviridae"
"vOTU_66271"	50.2257754882385	-1.36549680657515	1.94968326316704	-0.700368532864695	0.48369718246211	0.541740844357563	"Orthornavirae"	"Pisuviricota"	"Duplopiviricetes"	"Durnavirales"	"Picobirnaviridae"
"vOTU_66446"	2.907006321518	4.04451826548316	3.91717258986453	1.03250959019476	0.301833457363416	0.373952956025471	"Heunggongvirae"	"Uroviricota"	"Caudoviricetes"	"VOC3"	"Emilviridae"
"vOTU_67222"	395.675425019886	-3.76747178695264	1.44007205619289	-2.61616894151302	0.00889225484468641	0.0179066185826257	"Heunggongvirae"	"Uroviricota"	"Caudoviricetes"	"VOC1"	"Sidselviridae"
"vOTU_68338"	1500.3763759161	-2.67724570900244	1.08552180517255	-2.46632144674134	0.0136508768040139	0.0254816367008259	"Heunggongvirae"	"Uroviricota"	"Caudoviricetes"	"VOC5"	"Olineviridae"
"vOTU_688"	8.94588693297638	1.85155574063504	2.98358760652574	0.620580316322972	0.534875794031921	0.585020399722413	"Heunggongvirae"	"Uroviricota"	"Caudoviricetes"	"VOC8"	"Saraviridae"
"vOTU_6976"	5944.76998327213	-10.109523422118	1.33729813513187	-7.55966314207196	4.04114546049425e-14	7.07200455586493e-13	"Loabvirae"	"Hofneiviricota"	"Faserviricetes"	"Tubulavirales"	"Ottoviridae"
"vOTU_72896"	66.2896033287186	10.3161909873483	2.05048245614417	5.03110424399701	0.000000487662888074347	0.00000200802365677672	"Heunggongvirae"	"Uroviricota"	"Caudoviricetes"	"VOC1"	"Alvildaviridae"
"vOTU_73052"	118.896117127153	-8.28542691532836	2.17856669011095	-3.80315505278674	0.000142864874302077	0.000392178086319427	"Heunggongvirae"	"Uroviricota"	"Caudoviricetes"	"Crassvirales"	"Karenviridae"
"vOTU_73644"	674.966629231256	6.39767704119697	1.9414867482639	3.29524630900409	0.000983354473035615	0.00237361424525838	"Heunggongvirae"	"Uroviricota"	"Caudoviricetes"	"VOC2"	"Agnesviridae"
"vOTU_738"	798.543085823462	-7.83567887011382	1.12373667646805	-6.97287810765571	3.10521661182075e-12	3.34407942811465e-11	"Heunggongvirae"	"Uroviricota"	"Caudoviricetes"	"VOC5"	"Malouviridae"
"vOTU_74113"	207.651364448362	1.55093334961837	1.74130275757936	0.890674147771042	0.373104007790573	0.438945891518321	"Heunggongvirae"	"Uroviricota"	"Caudoviricetes"	"VOC1"	"Dagmarviridae"
"vOTU_75112"	408.005448350654	-2.87420421084016	1.14665710287237	-2.50659434598215	0.012190052084801	0.0233781820804403	"Heunggongvirae"	"Uroviricota"	"Caudoviricetes"	"Crassvirales"	"Celinaviridae"
"vOTU_76119"	0	NA	NA	NA	NA	NA	"Heunggongvirae"	"Uroviricota"	"Caudoviricetes"	"VOC1"	"Theoviridae"
"vOTU_76142"	23.4401653477812	-4.86145093166838	2.09826325488614	-2.31689275420885	0.0205095745760531	0.0363460815271828	"Heunggongvirae"	"Uroviricota"	"Caudoviricetes"	"Crassvirales"	"Luccaviridae"
"vOTU_76916"	74.9603236121941	-6.57313369118031	1.7248417791229	-3.81086182555412	0.000138483159245126	0.000387752845886352	"Heunggongvirae"	"Uroviricota"	"Caudoviricetes"	"VOC9"	"Majaviridae"
"vOTU_7727"	20.0814887532994	-7.21519952660628	2.83909750251615	-2.54137081245424	0.0110418743348387	0.0217727099560199	"Heunggongvirae"	"Uroviricota"	"Caudoviricetes"	"VOC1"	"Nathalieviridae"
"vOTU_77411"	34.4925502202201	2.91292688914835	2.5976835538451	1.12135555727587	0.262136545680768	0.333628330866432	"Heunggongvirae"	"Uroviricota"	"Caudoviricetes"	"VOC1"	"Tildeviridae"
"vOTU_776"	161.095509311717	-1.41200364411538	1.27465692156787	-1.10775191365106	0.267968972460057	0.334961215575072	"Heunggongvirae"	"Uroviricota"	"Caudoviricetes"	"VOC3"	"Ulrikviridae"
"vOTU_7764"	273.242404499906	1.12987332097943	1.330721678398	0.849068095395902	0.395843402217729	0.454246527135099	"Heunggongvirae"	"Uroviricota"	"Caudoviricetes"	"VOC5"	"Stellaviridae"
"vOTU_77802"	6.74511904417259	7.01876625194119	3.93029494207783	1.78581158803074	0.0741297698233421	0.108105914325707	"Heunggongvirae"	"Uroviricota"	"Caudoviricetes"	"VOC1"	"Magnusviridae"
"vOTU_78915"	14.2492370941305	1.04373018982607	3.37751620726829	0.309022999676508	0.757304031302852	0.797162138213528	"Heunggongvirae"	"Uroviricota"	"Caudoviricetes"	"VOC2"	"Haraldviridae"
"vOTU_79184"	536.450962891159	2.40172547556788	1.18559882675731	2.0257488632447	0.042790526612552	0.0673109407388459	"Heunggongvirae"	"Uroviricota"	"Caudoviricetes"	"VOC1"	"Elenaviridae"
"vOTU_79233"	16.2896613604406	-3.69951660563467	2.8646341628155	-1.29144469952094	0.196549519229587	0.255535939070463	"Heunggongvirae"	"Uroviricota"	"Caudoviricetes"	"VOC1"	"Andreaviridae"
"vOTU_79913"	5.26448315642739	6.66101953148562	3.93192749265747	1.69408503689971	0.0902491252293397	0.129341769112387	"Heunggongvirae"	"Uroviricota"	"Caudoviricetes"	"VOC1"	"Jasminviridae"
"vOTU_80009"	24.6337588398309	8.88812758359839	2.51884306703233	3.52865476215248	0.000417677640480683	0.00106441933703799	"Heunggongvirae"	"Uroviricota"	"Caudoviricetes"	"VOC1"	"Danielviridae"
"vOTU_80990"	84.6155323423224	-7.81014967566897	1.89482871934049	-4.12182356956642	0.0000375885038739143	0.000116942012052178	"Heunggongvirae"	"Uroviricota"	"Caudoviricetes"	"VOC2"	"Lasseviridae"
"vOTU_81434"	140.186604809203	-3.56302539303411	1.41858160790479	-2.51168164959971	0.0120157428662444	0.0233639444621419	"Heunggongvirae"	"Uroviricota"	"Caudoviricetes"	"VOC3"	"Peterviridae"
"vOTU_817"	1317.43452956334	-1.33062651446911	1.13521133804228	-1.17213990900041	0.241140889293736	0.30972224312957	"Heunggongvirae"	"Uroviricota"	"Caudoviricetes"	"VOC5"	"Evaviridae"
"vOTU_81809"	0	NA	NA	NA	NA	NA	"Heunggongvirae"	"Uroviricota"	"Caudoviricetes"	"VOC1"	"Frederikviridae"
"vOTU_820"	5560.95327338636	-3.58114274563117	1.14571900603087	-3.12567281050645	0.00177398805691477	0.00420946318589946	"Heunggongvirae"	"Uroviricota"	"Caudoviricetes"	"VOC1"	"Alberteviridae"
"vOTU_83044"	2.79675667685205	5.74769623809121	3.93848685223043	1.45936661813056	0.144464228720554	0.200247445751263	"Heunggongvirae"	"Uroviricota"	"Caudoviricetes"	"VOC4"	"Ellinorviridae"
"vOTU_8438"	0	NA	NA	NA	NA	NA	"Heunggongvirae"	"Uroviricota"	"Caudoviricetes"	"VOC1"	"Mariusviridae"
"vOTU_8439"	17.2942083167317	-7.00289392930953	2.87717496701171	-2.43394788624304	0.0149351452071117	0.0275121095920479	"Heunggongvirae"	"Uroviricota"	"Caudoviricetes"	"VOC1"	"Konradviridae"
"vOTU_86414"	66.9128092326585	-1.38504198454165	1.72837405529906	-0.801355459077402	0.422925892956656	0.481379065153918	"Heunggongvirae"	"Uroviricota"	"Caudoviricetes"	"Crassvirales"	"Christianviridae"
"vOTU_88697"	434.065039806285	13.0274257214119	1.73297647447428	7.5173702085967	5.58889955584845e-14	8.69384375354203e-13	"Heunggongvirae"	"Uroviricota"	"Caudoviricetes"	"VOC1"	"Estherviridae"
"vOTU_888"	320.398490925907	2.24641317723	1.0775178736408	2.08480363266704	0.0370871288482086	0.0590022504403319	"Heunggongvirae"	"Uroviricota"	"Caudoviricetes"	"VOC2"	"Liamviridae"
"vOTU_9049"	5.38068202380537	-5.32014470599493	4.08814702280032	-1.30135845807979	0.193135786093889	0.255535939070463	"Orthornavirae"	"Lenarviricota"	"Leviviricetes"	"Norzivirales"	"Fiersviridae"
"vOTU_91428"	16.9450551597506	8.34804854464804	3.35991722743151	2.48459946468077	0.0129697270370155	0.0245373214213808	"Heunggongvirae"	"Uroviricota"	"Caudoviricetes"	"VOC8"	"Kiraviridae"
"vOTU_9282"	76614.1589621007	4.59083668966063	1.01486429104474	4.52359663274252	0.00000607975421707137	0.0000202658473902379	"Sangervirae"	"Phixviricota"	"Malgrandaviricetes"	"Petitvirales"	"Alpaviridae"
"vOTU_956"	2.74215534850632	-2.69204033387669	4.02669477444021	-0.668548396308717	0.503783600015606	0.559759555572896	"Heunggongvirae"	"Uroviricota"	"Caudoviricetes"	"VOC2"	"Sigridviridae"
"vOTU_958"	681.181298223697	0.739780549040561	1.59214918442832	0.464642733404527	0.642187324536504	0.686307064390156	"Heunggongvirae"	"Uroviricota"	"Caudoviricetes"	"VOC3"	"Merleviridae"
"vOTU_9673"	14.2034233052316	7.44281858742964	3.27998449139351	2.26916273749439	0.0232584313403361	0.0397095169225251	"Heunggongvirae"	"Uroviricota"	"Caudoviricetes"	"VOC8"	"Williamviridae"
"vOTU_96846"	10.3302679631345	7.63472183745381	3.37290352801018	2.26354586606212	0.023602060577586	0.0398107045886992	"Bamfordvirae"	"Nucleocytoviricota"	"Megaviricetes"	"Unclassified_Megaviricetes"	"Unclassified_Megaviricetes"
"vOTU_96951"	329.695151679676	2.25622601502441	1.02636412271382	2.19827054073042	0.0279298324210632	0.046549720701772	"Heunggongvirae"	"Uroviricota"	"Caudoviricetes"	"VOC6"	"Sisseviridae"
"vOTU_98374"	4.60642276187396	6.46824731677633	3.9329897947631	1.64461329785015	0.100049582790601	0.141484258491759	"Heunggongvirae"	"Uroviricota"	"Caudoviricetes"	"VOC8"	"Leaviridae"
"vOTU_99371"	49.6282765130114	2.5434256325213	2.75608186965161	0.922841102990459	0.356090017291655	0.422479681532472	"Heunggongvirae"	"Uroviricota"	"Caudoviricetes"	"VOC1"	"Signeviridae"
